Date,Commit,Total_Files,Total_Lines
2025-04-16,db589c5b,17,2092
2025-04-18,f44aeb9e,18,2165
2025-05-02,bf5fc1ec,19,2199
2025-05-03,e351438b,20,2334
2025-05-04,5c006f04,22,2842
2025-05-05,327038c8,24,3737
2025-05-06,b140e7e0,24,3737
2025-05-07,aa1ca30b,30,6407
2025-05-08,d885b0fd,51,12328
2025-05-09,553b195f,57,14013
2025-05-10,072e5a22,75,16642
2025-05-11,0711ac3a,75,16642
2025-05-12,51b9362b,79,17965
2025-05-13,51e02120,80,17196
2025-05-14,790d4186,81,17294
2025-05-15,46b2916c,86,18258
2025-05-16,c8c537fd,46,9830
2025-05-17,0bec26ad,50,11039
2025-05-18,7fd60b84,62,14789
2025-05-19,99d14933,61,13193
2025-05-20,67ce46af,61,13233
2025-05-21,dd55b9c6,65,14237
2025-05-22,505193c3,61,14217
2025-05-23,337939d5,65,14627
2025-05-24,9f6ac0ba,77,16196
2025-05-25,45dc9c8b,85,18719
2025-05-26,c35548af,87,20118
2025-05-27,cdfe6a35,98,22981
2025-05-28,18248b96,102,24475
2025-05-29,f7320eda,102,25172
2025-05-30,0d7e7d96,108,27051
2025-05-31,8cde938c,111,27971
2025-06-01,a8e65ab1,120,29659
2025-06-02,b0031a41,234,59607
2025-06-04,1c144a59,138,35518
