lambda_sparse,lambda_magnitude,num_neurons,margin,alter_success_rate,preserve_violation_rate,alter_states_changed,preserve_states_violated,objective_initial,objective_final,objective_improvement,l0_norm,l1_norm,l2_norm,linf_norm,iterations,function_evals,execution_time,success,l1_penalty,l2_penalty,total_regularization,efficiency,sparsity_ratio
0.0,0.0,12,0.1,0.6666666666666666,0.0,2/3,0/5,0.3447079658508301,0.3305516839027405,0.0141562819480896,1.0,177.98373999999998,177.98373999999998,177.98373999999998,0,1000,0.2449359893798828,False,0.0,0.0,0.0,0.057795842840122416,0.0013020833333333333
0.0,0.0,12,0.2,0.6666666666666666,0.0,2/3,0/5,0.6447078585624695,0.6305515766143799,0.0141562819480896,1.0,177.98373999999998,177.98373999999998,177.98373999999998,0,1000,0.2212831974029541,False,0.0,0.0,0.0,0.06397359634274977,0.0013020833333333333
0.0,0.0,16,0.05,0.6666666666666666,0.0,2/3,0/5,0.1947079300880432,0.1805516481399536,0.0141562819480896,1.0,177.98373999999998,177.98373999999998,177.98373999999998,0,1000,0.2516329288482666,False,0.0,0.0,0.0,0.05625766871165644,0.0009765625
0.0,0.01,16,0.05,0.6666666666666666,0.0,2/3,0/5,0.1947079300880432,0.18366303793566596,0.01104489215237725,3.0,0.6228170488334682,0.4778531758080708,0.44323617431526563,0,1000,0.23408293724060059,False,0.0,0.0022834365762985902,0.0022834365762985902,0.047183670380147494,0.0029296875
0.0,0.01,12,0.1,0.6666666666666666,0.0,2/3,0/5,0.3447079658508301,0.33366308789870813,0.011044877952121945,3.0,0.6228169700781517,0.4778531024690215,0.4432360952476752,0,1000,0.347700834274292,False,0.0,0.002283435875392692,0.002283435875392692,0.03176546290196397,0.00390625
0.0,0.01,12,0.2,0.6666666666666666,0.0,2/3,0/5,0.6447078585624695,0.6336629806103505,0.011044877952118948,3.0,0.6228169702225278,0.4778531024693401,0.44323609524768676,0,1000,0.22091126441955566,False,0.0,0.0022834358753957367,0.0022834358753957367,0.04999689799041875,0.00390625
0.0,0.001,16,0.05,0.6666666666666666,0.0,2/3,0/5,0.1947079300880432,0.18409668362726767,0.010611246460775547,4.0,2.0214985903782616,1.8164632824930425,1.8035746234591412,0,1000,0.31470489501953125,False,0.0,0.0032995388566453986,0.0032995388566453986,0.033718085192532485,0.00390625
0.0,0.001,12,0.2,0.6666666666666666,0.0,2/3,0/5,0.6447078585624695,0.6340966269970895,0.01061123156538002,4.0,2.021498655085196,1.8164632809059944,1.8035746234591261,0,1000,0.22022032737731934,False,0.0,0.0032995388508797693,0.0032995388508797693,0.048184614434792994,0.005208333333333333
0.0,0.001,12,0.1,0.6666666666666666,0.0,2/3,0/5,0.3447079658508301,0.33409673428545017,0.010611231565379908,4.0,2.0214986532421637,1.8164632809060237,1.8035746234591563,0,1000,0.21563076972961426,False,0.0,0.003299538850879876,0.003299538850879876,0.049210191934507506,0.005208333333333333
0.001,0.001,16,0.05,0.6666666666666666,0.0,2/3,0/5,0.1947079300880432,0.18410752034848685,0.010600409739556366,4.0,1.5494476072696783,1.327022070366457,1.3042498601484884,0,1000,0.246412992477417,False,0.0015494476072696784,0.001760987575239678,0.003310435182509356,0.04301887507221382,0.00390625
0.001,0.001,12,0.2,0.6666666666666666,0.0,2/3,0/5,0.6447078585624695,0.6341074637046827,0.010600394857786744,4.0,1.5494475942717985,1.3270220679574396,1.3042498601484773,0,1000,0.21164274215698242,False,0.0015494475942717985,0.0017609875688460396,0.0033104351631178383,0.05008626683698929,0.005208333333333333
0.001,0.001,12,0.1,0.6666666666666666,0.0,2/3,0/5,0.3447079658508301,0.3341075709930434,0.010600394857786688,4.0,1.5494475942718022,1.3270220679574514,1.3042498601484922,0,1000,0.21898889541625977,False,0.0015494475942718024,0.0017609875688460708,0.003310435163117873,0.04840608395981533,0.005208333333333333
0.001,0.01,16,0.05,0.6666666666666666,0.0,2/3,0/5,0.1947079300880432,0.18418968276899095,0.010518247319052265,3.0,0.5853547368485291,0.47167008308509734,0.45293570306292663,0,1000,0.23719501495361328,False,0.0005853547368485291,0.002224726672775026,0.002810081409623555,0.044344301759922114,0.0029296875
0.001,0.01,12,0.1,0.6666666666666666,0.0,2/3,0/5,0.3447079658508301,0.33418973178843886,0.010518234062391218,3.0,0.5853545744064341,0.4716699259775841,0.45293553945502596,0,1000,0.21362972259521484,False,0.0005853545744064342,0.0022247251907169968,0.002810079765123431,0.04923581763161836,0.00390625
0.001,0.01,12,0.2,0.6666666666666666,0.0,2/3,0/5,0.6447078585624695,0.6341896245006705,0.01051823406179897,3.0,0.5853545749893072,0.4716699259785827,0.45293553945502474,0,1000,0.21047210693359375,False,0.0005853545749893072,0.0022247251907264167,0.002810079765715724,0.04997447982557417,0.00390625
0.01,0.0,16,0.05,0.6666666666666666,0.0,2/3,0/5,0.1947079300880432,0.18619075124746515,0.008517178840578066,1.0,0.4811149888097775,0.4811149888097775,0.4811149888097775,0,1000,0.25090789794921875,False,0.004811149888097775,0.0,0.004811149888097775,0.033945439383107255,0.0009765625
0.01,0.0,12,0.2,0.6666666666666666,0.0,2/3,0/5,0.6447078585624695,0.6361909048608023,0.008516953701667163,1.0,0.48113601258474664,0.48113601258474664,0.48113601258474664,0,1000,0.21645212173461914,False,0.004811360125847467,0.0,0.004811360125847467,0.03934797974449686,0.0013020833333333333
0.01,0.0,12,0.1,0.6666666666666666,0.0,2/3,0/5,0.3447079658508301,0.33619101214916297,0.008516953701667107,1.0,0.4811360125847538,0.4811360125847538,0.4811360125847538,0,1000,0.21337509155273438,False,0.004811360125847538,0.0,0.004811360125847538,0.03991540736872838,0.0013020833333333333
0.01,0.001,16,0.05,0.6666666666666666,0.0,2/3,0/5,0.1947079300880432,0.18640552519252093,0.00830240489552228,2.0,0.47972296573579254,0.47821979862363545,0.47821742874344836,0,1000,0.23661112785339355,False,0.004797229657357925,0.00022869417579563046,0.0050259238331535555,0.03508881839516241,0.001953125
0.01,0.001,12,0.2,0.6666666666666666,0.0,2/3,0/5,0.6447078585624695,0.6364054664521783,0.008302392110291157,2.0,0.4797227749658791,0.47821958090897454,0.4782172109426083,0,1000,0.2107536792755127,False,0.004797227749658791,0.00022869396756475523,0.005025921717223546,0.03939381812375223,0.0026041666666666665
0.01,0.001,12,0.1,0.6666666666666666,0.0,2/3,0/5,0.3447079658508301,0.3364055737448159,0.00830239210601419,2.0,0.47972277539344543,0.4782195809103183,0.47821721094260594,0,1000,0.22007226943969727,False,0.004797227753934454,0.00022869396756604047,0.005025921721500495,0.03772575312260846,0.0026041666666666665
0.001,0.0,16,0.05,0.6666666666666666,0.0,2/3,0/5,0.1947079300880432,0.18642221440938106,0.008285715678662153,2.0,5.870566269427452,5.762818077022723,5.761791407034028,0,1000,0.24311590194702148,False,0.005870566269427452,0.0,0.005870566269427452,0.034081339856031845,0.001953125
0.001,0.0,12,0.2,0.6666666666666666,0.0,2/3,0/5,0.6447078585624695,0.636422153680055,0.008285704882414535,2.0,5.87057706567511,5.762818280814904,5.76179140703379,0,1000,0.21318292617797852,False,0.0058705770656751095,0.0,0.0058705770656751095,0.03886664392389993,0.0026041666666666665
0.001,0.0,12,0.1,0.6666666666666666,0.0,2/3,0/5,0.3447079658508301,0.3364222609684159,0.008285704882414202,2.0,5.870577065675384,5.762818280815143,5.761791407034028,0,1000,0.2233738899230957,False,0.0058705770656753845,0.0,0.0058705770656753845,0.03709343507097829,0.0026041666666666665
0.0,0.1,12,0.2,0.6666666666666666,0.0,2/3,0/5,0.6447078585624695,0.6366875274105669,0.008020331151902593,6.0,0.37198536843038976,0.22870148737512086,0.1687346106559737,0,1000,0.21371006965637207,False,0.0,0.005230437032759257,0.005230437032759257,0.037529027831017116,0.0078125
0.0,0.1,12,0.1,0.6666666666666666,0.0,2/3,0/5,0.3447079658508301,0.33668811152381384,0.00801985432701624,4.0,0.3719742604830092,0.22870148710682764,0.16873461065601356,0,1000,0.21174907684326172,False,0.0,0.005230437020487445,0.005230437020487445,0.03787432959130489,0.005208333333333333
0.0,0.1,16,0.05,0.6666666666666666,0.0,2/3,0/5,0.1947079300880432,0.18668861850209303,0.008019311585950178,4.0,0.37197220599998787,0.22871367826858716,0.16875226794455075,0,1000,0.23644018173217773,False,0.0,0.00523099466271468,0.00523099466271468,0.03391687287329982,0.00390625
0.01,0.01,16,0.05,0.6666666666666666,0.0,2/3,0/5,0.1947079300880432,0.18677948069760525,0.007928449390437964,3.0,0.4282086822978648,0.3338612689555555,0.31403133118891063,0,1000,0.23229503631591797,False,0.004282086822978648,0.0011146334690861378,0.005396720292064786,0.0341309462146896,0.0029296875
0.01,0.01,12,0.2,0.6666666666666666,0.0,2/3,0/5,0.6447078585624695,0.6367794264262198,0.007928432136249719,3.0,0.4282087057255193,0.33386158626542406,0.3140318458306505,0,1000,0.21270394325256348,False,0.004282087057255193,0.0011146355878366519,0.005396722645091845,0.03727449531500007,0.00390625
0.01,0.01,12,0.1,0.6666666666666666,0.0,2/3,0/5,0.3447079658508301,0.3367795337713176,0.007928432079512493,3.0,0.42820871035075436,0.33386158783566927,0.31403184583068755,0,1000,0.2200930118560791,False,0.004282087103507544,0.001114635598321543,0.0053967227018290875,0.0360230977469515,0.00390625
0.001,0.1,12,0.1,0.6666666666666666,0.0,2/3,0/5,0.3447079658508301,0.33684617831240804,0.007861787538422038,5.0,0.36781068603316697,0.2235163796115775,0.16379833955669207,0,1000,0.21346807479858398,False,0.00036781068603316695,0.004995957195466682,0.005363767881499849,0.03682886795058213,0.006510416666666667
0.001,0.1,12,0.2,0.6666666666666666,0.0,2/3,0/5,0.6447078585624695,0.636846071029433,0.007861787533036457,5.0,0.3678106912418749,0.22351637961553175,0.16379833955377582,0,1000,0.2240910530090332,False,0.0003678106912418749,0.00499595719564345,0.005363767886885325,0.035083004999398815,0.006510416666666667
0.001,0.1,16,0.05,0.6666666666666666,0.0,2/3,0/5,0.1947079300880432,0.18684739798424352,0.007860532103799694,5.0,0.3679977910587124,0.22350327729523273,0.16378490609975144,0,1000,0.24408411979675293,False,0.0003679977910587124,0.00499537149617097,0.0053633692872296825,0.03220419300667779,0.0048828125
0.01,0.1,12,0.1,0.6666666666666666,0.0,2/3,0/5,0.3447079658508301,0.33944213807928814,0.005265827771541942,3.0,0.3093749692093074,0.18402691849187813,0.1364708789831019,0,1000,0.2161099910736084,False,0.003093749692093074,0.0033865906729616357,0.00648034036505471,0.024366424455352316,0.00390625
0.01,0.1,12,0.2,0.6666666666666666,0.0,2/3,0/5,0.6447078585624695,0.6394420307909301,0.005265827771539389,3.0,0.3093749692093776,0.1840269184919296,0.13647087898316995,0,1000,0.22184514999389648,False,0.003093749692093776,0.00338659067296353,0.006480340365057307,0.023736501662011834,0.00390625
0.01,0.1,16,0.05,0.6666666666666666,0.0,2/3,0/5,0.1947079300880432,0.18944352149070576,0.0052644085973374555,3.0,0.31097914034980156,0.1848218509841807,0.13662715476169524,0,1000,0.39209699630737305,False,0.0031097914034980156,0.0034159116601218697,0.006525703063619885,0.013426291573043767,0.0029296875
0.0,0.0,16,0.1,0.3333333333333333,0.2,1/3,1/5,0.36013609170913696,0.34460657835006714,0.015529513359069824,2.0,23.11222389872775,21.555004834787812,21.494189898727747,0,1000,0.25775909423828125,False,0.0,0.0,0.0,0.060248168565931626,0.001953125
0.0,0.0,16,0.2,0.3333333333333333,0.2,1/3,1/5,0.6601359844207764,0.6446064710617065,0.015529513359069824,2.0,23.11222389872775,21.555004834787812,21.494189898727747,0,1000,0.24317717552185059,False,0.0,0.0,0.0,0.06386090029109014,0.001953125
0.0,0.001,8,0.05,0.3333333333333333,0.2,1/3,1/5,0.2101360559463501,0.1952379838408887,0.014898072105461402,2.0,1.1125690715018388,0.7946421551677276,0.63550317414612,0,1000,0.20559263229370117,False,0.0,0.0006314561547696109,0.0006314561547696109,0.07246403696110389,0.00390625
0.0,0.001,16,0.1,0.3333333333333333,0.2,1/3,1/5,0.36013609170913696,0.34523803447230245,0.014898057236834517,2.0,1.112569037403495,0.7946421346966811,0.63550317414612,0,1000,0.24000215530395508,False,0.0,0.0006314561222352982,0.0006314561222352982,0.06207468102928743,0.001953125
0.0,0.001,16,0.2,0.3333333333333333,0.2,1/3,1/5,0.6601359844207764,0.6452379271839419,0.014898057236834461,2.0,1.112569037403543,0.7946421346967195,0.6355031741461679,0,1000,0.24619698524475098,False,0.0,0.0006314561222353593,0.0006314561222353593,0.06051275251004356,0.001953125
0.001,0.001,8,0.05,0.3333333333333333,0.2,1/3,1/5,0.2101360559463501,0.19546908416808742,0.014666971778262677,2.0,0.6183112492428616,0.494211728640144,0.4720832653938689,0,1000,0.19348788261413574,False,0.0006183112492428617,0.0002442452327254794,0.0008625564819683411,0.07580305071358068,0.00390625
0.001,0.001,16,0.2,0.3333333333333333,0.2,1/3,1/5,0.6601359844207764,0.6454690274521231,0.014666956968653277,2.0,0.6183111935385945,0.49421169237280094,0.4720832353859963,0,1000,0.23699688911437988,False,0.0006183111935385945,0.00024424519687798806,0.0008625563904165825,0.061886706713583414,0.001953125
0.001,0.001,16,0.1,0.3333333333333333,0.2,1/3,1/5,0.36013609170913696,0.3454691348068935,0.014666956902243455,2.0,0.6183112449212227,0.4942117075759581,0.47208323538599645,0,1000,0.23442625999450684,False,0.0006183112449212227,0.00024424521190514434,0.0008625564568263671,0.06256533249554525,0.001953125
0.0,0.01,8,0.05,0.3333333333333333,0.2,1/3,1/5,0.2101360559463501,0.19686551277166597,0.013270543174684124,3.0,0.5367122173184632,0.4752878165435007,0.4708144501860432,0,1000,0.20302915573120117,False,0.0,0.002258985085546884,0.002258985085546884,0.0653627461873188,0.005859375
0.0,0.01,16,0.2,0.3333333333333333,0.2,1/3,1/5,0.6601359844207764,0.6468654817737285,0.013270502647047877,3.0,0.536715619356817,0.47529051242602277,0.47081717411263585,0,1000,0.2352299690246582,False,0.0,0.002259010712021913,0.002259010712021913,0.05641501676878929,0.0029296875
0.0,0.01,16,0.1,0.3333333333333333,0.2,1/3,1/5,0.36013609170913696,0.3468655891317577,0.013270502577379273,3.0,0.5367156729066053,0.4752905197550787,0.47081717411263585,0,1000,0.2383742332458496,False,0.0,0.0022590107816905284,0.0022590107816905284,0.05567087682540172,0.0029296875
0.001,0.01,8,0.05,0.3333333333333333,0.2,1/3,1/5,0.2101360559463501,0.19730681135633132,0.012829244590018773,3.0,0.4863996481604852,0.4705192899395026,0.4703018843661316,0,1000,0.19395089149475098,False,0.00048639964816048523,0.002213884022051737,0.002700283670212222,0.06614687094833993,0.005859375
0.001,0.01,16,0.1,0.3333333333333333,0.2,1/3,1/5,0.36013609170913696,0.3473068611511809,0.01282923055795604,3.0,0.4863995357223156,0.4705192095325617,0.4703018049178276,0,1000,0.24438929557800293,False,0.0004863995357223156,0.0022138832653914673,0.002700282801113783,0.052495059276691076,0.0029296875
0.001,0.01,16,0.2,0.3333333333333333,0.2,1/3,1/5,0.6601359844207764,0.647306753947672,0.012829230473104358,3.0,0.48639960183560554,0.47051921152381193,0.4703018049178337,0,1000,0.24281978607177734,False,0.00048639960183560554,0.0022138832841298965,0.002700282885965502,0.05283437021607476,0.0029296875
0.01,0.0,8,0.05,0.3333333333333333,0.2,1/3,1/5,0.2101360559463501,0.19932364491360152,0.010812411032748576,1.0,0.4717117227482433,0.4717117227482433,0.4717117227482433,0,1000,0.19126582145690918,False,0.004717117227482433,0.0,0.004717117227482433,0.05653080592438484,0.001953125
0.01,0.0,16,0.1,0.3333333333333333,0.2,1/3,1/5,0.36013609170913696,0.3493236942695215,0.010812397439615484,1.0,0.47171159194543416,0.47171159194543416,0.47171159194543416,0,1000,0.38559484481811523,False,0.004717115919454342,0.0,0.004717115919454342,0.02804082467626268,0.0009765625
0.01,0.0,16,0.2,0.3333333333333333,0.2,1/3,1/5,0.6601359844207764,0.6493235869811609,0.010812397439615484,1.0,0.47171159194543416,0.47171159194543416,0.47171159194543416,0,1000,0.2375349998474121,False,0.004717115919454342,0.0,0.004717115919454342,0.045519175896441194,0.0009765625
0.01,0.001,8,0.05,0.3333333333333333,0.2,1/3,1/5,0.2101360559463501,0.19954138047868308,0.010594675467667014,3.0,0.47128048570665126,0.4708400021544764,0.4708397979373049,0,1000,0.1950380802154541,False,0.0047128048570665125,0.00022169030762882736,0.0049344951646953395,0.05432106107670522,0.005859375
0.01,0.001,16,0.1,0.3333333333333333,0.2,1/3,1/5,0.36013609170913696,0.3495414327503479,0.010594658958789083,3.0,0.4712806571805068,0.47083988850459696,0.470839684287107,0,1000,0.23951125144958496,False,0.0047128065718050685,0.0002216902006070213,0.00493449677241209,0.0442344937645619,0.0029296875
0.01,0.001,16,0.2,0.3333333333333333,0.2,1/3,1/5,0.6601359844207764,0.6495413254619874,0.010594658958788972,3.0,0.4712806571805163,0.47083988850462355,0.4708396842871336,0,1000,0.24167585372924805,False,0.004712806571805163,0.00022169020060704633,0.00493449677241221,0.043838301573388784,0.0029296875
0.01,0.01,8,0.05,0.3333333333333333,0.2,1/3,1/5,0.2101360559463501,0.20132007928972953,0.008815976656620567,3.0,0.47863977122246704,0.4384093853848368,0.4363675661420614,0,1000,0.19060921669006348,False,0.00478639771222467,0.0019220278919351037,0.006708425604159774,0.04625157591909954,0.005859375
0.01,0.01,16,0.2,0.3333333333333333,0.2,1/3,1/5,0.6601359844207764,0.6513200518953912,0.00881593252538515,3.0,0.4786557641883076,0.43840807493025397,0.436367310363776,0,1000,0.232086181640625,False,0.004786557641883076,0.0019220164016405118,0.006708574043523588,0.03798559855250764,0.0029296875
0.01,0.01,16,0.1,0.3333333333333333,0.2,1/3,1/5,0.36013609170913696,0.35132015918375187,0.008815932525385095,3.0,0.4786557641883088,0.4384080749302542,0.436367310363776,0,1000,0.23543715476989746,False,0.004786557641883088,0.0019220164016405137,0.0067085740435236015,0.03744495015666186,0.0029296875
0.001,0.0,8,0.05,0.3333333333333333,0.2,1/3,1/5,0.2101360559463501,0.20167455762404002,0.00846149832231008,2.0,7.068029937920953,6.608730016368617,6.591529386553475,0,1000,0.1960761547088623,False,0.007068029937920953,0.0,0.007068029937920953,0.043154142505874196,0.00390625
0.001,0.0,16,0.2,0.3333333333333333,0.2,1/3,1/5,0.6601359844207764,0.6516745009583554,0.008461483462420927,2.0,7.06802989664893,6.608730013392703,6.591529386553333,0,1000,0.23461413383483887,False,0.00706802989664893,0.0,0.00706802989664893,0.036065531620433196,0.001953125
0.001,0.0,16,0.1,0.3333333333333333,0.2,1/3,1/5,0.36013609170913696,0.35167460824671615,0.008461483462420816,2.0,7.068029896648985,6.608730013392663,6.591529386553285,0,1000,0.2396087646484375,False,0.007068029896648986,0.0,0.007068029896648986,0.03531374770382797,0.001953125
0.0,0.1,8,0.05,0.3333333333333333,0.2,1/3,1/5,0.2101360559463501,0.20235242756748667,0.0077836283788634275,6.0,0.46361916471676007,0.26141822461917436,0.22045632740249205,0,1000,0.19263291358947754,False,0.0,0.0068339488163041105,0.0068339488163041105,0.04040653403317783,0.01171875
0.0,0.1,16,0.1,0.3333333333333333,0.2,1/3,1/5,0.36013609170913696,0.3523525515217565,0.007783540187380478,6.0,0.4636246629114935,0.26141962639836097,0.2204567019545836,0,1000,0.2506880760192871,False,0.0,0.006834022106625863,0.006834022106625863,0.03104870527141322,0.005859375
0.001,0.1,16,0.1,0.3333333333333333,0.2,1/3,1/5,0.36013609170913696,0.3528122538766366,0.007323837832500346,5.0,0.44971624061607884,0.2583411653993712,0.22074674143832343,0,1000,0.24329209327697754,False,0.00044971624061607883,0.006674015773990526,0.007123732014606605,0.030103065553233877,0.0048828125
0.001,0.1,8,0.05,0.3333333333333333,0.2,1/3,1/5,0.2101360559463501,0.20281222786085024,0.007323828085499862,5.0,0.4497121052061094,0.25834172248326764,0.22074867216972463,0,1000,0.3141140937805176,False,0.0004497121052061094,0.006674044557562167,0.007123756662768276,0.023315821322609214,0.009765625
0.001,0.1,16,0.2,0.3333333333333333,0.2,1/3,1/5,0.6601359844207764,0.6528121946054694,0.0073237898153070136,5.0,0.44971796252223223,0.258342061408469,0.22074643042455963,0,1000,0.23751497268676758,False,0.00044971796252223225,0.006674062069277717,0.0071237800317999495,0.0308350658169477,0.0048828125
0.0,0.1,16,0.2,0.3333333333333333,0.2,1/3,1/5,0.6601359844207764,0.6533920715564941,0.00674391286428222,4.0,0.36166788102811037,0.2407218109063504,0.22046311706075045,0,1000,0.25713515281677246,False,0.0,0.005794699024603271,0.005794699024603271,0.026227113603124304,0.00390625
0.01,0.1,8,0.05,0.3333333333333333,0.2,1/3,1/5,0.2101360559463501,0.20540177154079758,0.0047342844055525135,3.0,0.27765254097279307,0.1793408099332824,0.1373816107699994,0,1000,0.26437807083129883,False,0.0027765254097279306,0.0032163126107525725,0.005992838020480503,0.017907250743854197,0.005859375
0.01,0.1,16,0.2,0.3333333333333333,0.2,1/3,1/5,0.6601359844207764,0.6554039130846824,0.00473207133609399,3.0,0.2775935718187187,0.17937532577883677,0.1373767549296357,0,1000,0.23813867568969727,False,0.002775935718187187,0.003217550749826383,0.00599348646801357,0.019871074374580126,0.0029296875
0.01,0.1,16,0.1,0.3333333333333333,0.2,1/3,1/5,0.36013609170913696,0.3554040207087076,0.004732071000429383,3.0,0.27759358081913565,0.17937533262650454,0.13737676385524025,0,1000,0.23480486869812012,False,0.0027759358081913565,0.0032175509954869147,0.005993486803678271,0.020153206475940797,0.0029296875
0.0,1.0,16,0.05,0.3333333333333333,0.0,1/3,0/5,0.1947079300880432,0.19223907921192643,0.002468850876116785,6.0,0.09979051654677625,0.049713383524426315,0.03147814116797562,0,1000,0.24749994277954102,False,0.0,0.0024714205014467017,0.0024714205014467017,0.009975157361211587,0.005859375
0.0,1.0,12,0.1,0.3333333333333333,0.0,1/3,0/5,0.3447079658508301,0.34223911728128376,0.0024688485695463225,6.0,0.09978291439752997,0.04970861063094528,0.031470725590479164,0,1000,0.21412992477416992,False,0.0,0.0024709459708589262,0.0024709459708589262,0.011529675603024985,0.0078125
0.0,1.0,12,0.2,0.3333333333333333,0.0,1/3,0/5,0.6447078585624695,0.6422390099929242,0.0024688485695453233,6.0,0.09978291439752857,0.0497086106309552,0.03147072559052831,0,1000,0.2867429256439209,False,0.0,0.002470945970859912,0.002470945970859912,0.008609972029828399,0.0078125
0.001,1.0,12,0.1,0.3333333333333333,0.0,1/3,0/5,0.3447079658508301,0.34233756891632533,0.002370396934504748,5.0,0.09745515721687276,0.04875257363075442,0.030952948139918668,0,1000,0.21081995964050293,False,9.745515721687276e-05,0.0023768134356221314,0.0024742685928390044,0.011243702629233144,0.006510416666666667
0.001,1.0,12,0.2,0.3333333333333333,0.0,1/3,0/5,0.6447078585624695,0.6423374616279836,0.00237039693448593,5.0,0.09745515721964784,0.0487525736309193,0.03095294813991901,0,1000,0.22048616409301758,False,9.745515721964784e-05,0.002376813435638208,0.0024742685928578556,0.010750774064380379,0.006510416666666667
0.001,1.0,16,0.05,0.3333333333333333,0.0,1/3,0/5,0.1947079300880432,0.19233761347979053,0.0023703166082526816,5.0,0.09729725906361247,0.048696299799153346,0.03099691713413708,0,1000,0.23601198196411133,False,9.729725906361248e-05,0.002371329614129022,0.0024686268731926348,0.010043204537865873,0.0048828125
0.01,1.0,12,0.2,0.3333333333333333,0.0,1/3,0/5,0.6447078585624695,0.6431218255364578,0.0015860330260116795,4.0,0.07794409772077181,0.03986221461991134,0.026573128437724237,0,1000,0.22391796112060547,False,0.0007794409772077181,0.0015889961544038732,0.0023684371316115916,0.007083098729884465,0.005208333333333333
0.01,1.0,12,0.1,0.3333333333333333,0.0,1/3,0/5,0.3447079658508301,0.34312193282481906,0.0015860330260110134,4.0,0.077944097720789,0.03986221461991776,0.026573128437722936,0,1000,0.2126760482788086,False,0.0007794409772078901,0.0015889961544043854,0.0023684371316122755,0.007457506563841154,0.005208333333333333
0.01,1.0,16,0.05,0.3333333333333333,0.0,1/3,0/5,0.1947079300880432,0.1931218984658482,0.0015860316221950055,4.0,0.07794411107572712,0.039862230553131504,0.026573167606354232,0,1000,0.2365860939025879,False,0.0007794411107572712,0.0015889974246710108,0.002368438535428282,0.006703824371216168,0.00390625
0.0,1.0,8,0.05,0.3333333333333333,0.0,1/3,0/5,0.2101360559463501,0.20888671764152408,0.0012493383048260143,6.0,0.06089663570586573,0.030561327432848017,0.018789915934086746,0,1000,0.20337200164794922,False,0.0,0.0009339947344577488,0.0009339947344577488,0.00614311849567525,0.01171875
0.0,1.0,16,0.2,0.3333333333333333,0.0,1/3,0/5,0.6601359844207764,0.6588867605094584,0.001249223911317987,6.0,0.06166913695327282,0.03092260580895802,0.0189397215784361,0,1000,0.24214911460876465,False,0.0,0.0009562075500162044,0.0009562075500162044,0.0051589034853021555,0.005859375
0.0,1.0,16,0.1,0.3333333333333333,0.0,1/3,0/5,0.36013609170913696,0.35888689071734475,0.0012492009917922098,6.0,0.060836806369149746,0.030468598520232707,0.018564591404974712,0,1000,0.2488999366760254,False,0.0,0.0009283354957871267,0.0009283354957871267,0.005018888347160177,0.005859375
0.001,1.0,16,0.2,0.3333333333333333,0.0,1/3,0/5,0.6601359844207764,0.6589463337007488,0.0011896507200275241,5.0,0.0581024721170499,0.029495759639736545,0.01821037394516769,0,1000,0.24090814590454102,False,5.81024721170499e-05,0.0008699998367251113,0.0009281023088421611,0.004938192170965107,0.0048828125
0.001,1.0,16,0.1,0.3333333333333333,0.0,1/3,0/5,0.36013609170913696,0.35894646793063617,0.0011896237785007924,5.0,0.05805840870121906,0.029457533171013853,0.01818038528024306,0,1000,0.23516607284545898,False,5.805840870121906e-05,0.0008677462605213815,0.0009258046692226005,0.005058653929568157,0.0048828125
0.001,1.0,8,0.05,0.3333333333333333,0.0,1/3,0/5,0.2101360559463501,0.20894643429241855,0.0011896216539315496,5.0,0.058489194154870215,0.02968435241648437,0.018330194590088753,0,1000,0.19409823417663574,False,5.8489194154870216e-05,0.0008811607783860414,0.0009396499725409116,0.006128966906772346,0.009765625
0.01,1.0,8,0.05,0.3333333333333333,0.0,1/3,0/5,0.2101360559463501,0.20945064455921575,0.0006854113871343492,4.0,0.04947688346703584,0.026119751338945254,0.017256489702772358,0,1000,0.19333195686340332,False,0.0004947688346703584,0.0006822414100083324,0.0011770102446786908,0.003545256553827878,0.0078125
0.01,1.0,16,0.2,0.3333333333333333,0.0,1/3,0/5,0.6601359844207764,0.6594847819910454,0.0006512024297309349,3.0,0.032174860646491166,0.019570258756578366,0.015270344530900756,0,1000,0.24199604988098145,False,0.00032174860646491167,0.0003829950277994322,0.0007047436342643438,0.002690963055187097,0.0029296875
0.01,1.0,16,0.1,0.3333333333333333,0.0,1/3,0/5,0.36013609170913696,0.3594851561274137,0.0006509355817232443,3.0,0.03220845915498387,0.019597407455400565,0.015350614368208152,0,1000,0.2389519214630127,False,0.00032208459154983867,0.00038405837897298966,0.0007061429705228283,0.0027241278401856353,0.0029296875
0.001,0.001,8,0.1,0.3333333333333333,0.0,1/3,0/5,0.4224089980125427,0.4223960345694299,1.2963443112801176e-05,2.0,0.0024384121668665527,0.0024383180238982103,0.0024383180220807193,0,1000,0.20257091522216797,False,2.438412166866553e-06,5.945394785666873e-09,2.44435756165222e-06,6.39945922077887e-05,0.00390625
0.001,0.001,12,0.05,0.3333333333333333,0.0,1/3,0/5,0.27240896224975586,0.27239599880664306,1.2963443112801176e-05,2.0,0.0024384121668665527,0.0024383180238982103,0.0024383180220807193,0,1000,0.2212836742401123,False,2.438412166866553e-06,5.945394785666873e-09,2.44435756165222e-06,5.8582916960854045e-05,0.0026041666666666665
0.001,0.0,8,0.1,0.3333333333333333,0.0,1/3,0/5,0.4224089980125427,0.42239604722139934,1.2950791143384599e-05,2.0,0.0024272072086822497,0.0024270521995337535,0.0024270521945834334,0,1000,0.2051699161529541,False,2.4272072086822496e-06,0.0,2.4272072086822496e-06,6.312227146269236e-05,0.00390625
0.001,0.0,12,0.05,0.3333333333333333,0.0,1/3,0/5,0.27240896224975586,0.2723960114586125,1.2950791143384599e-05,2.0,0.0024272072086822497,0.0024270521995337535,0.0024270521945834334,0,1000,0.21735000610351562,False,2.4272072086822496e-06,0.0,2.4272072086822496e-06,5.958495872881009e-05,0.0026041666666666665
0.001,0.0,8,0.2,0.3333333333333333,0.0,1/3,0/5,0.7224088907241821,0.722395983749071,1.2906975111137697e-05,2.0,0.002411418596086701,0.0024063071647749098,0.00240630172440433,0,1000,0.3594541549682617,False,2.411418596086701e-06,0.0,2.411418596086701e-06,3.590715236627972e-05,0.00390625
0.001,0.001,8,0.2,0.3333333333333333,0.0,1/3,0/5,0.7224088907241821,0.7223959986143134,1.289210986876732e-05,1.0,0.0024204253794112666,0.0024204253794112666,0.0024204253794112666,0,1000,0.20162701606750488,False,2.4204253794112667e-06,5.858459017298174e-09,2.4262838384285648e-06,6.394038914135907e-05,0.001953125
0.001,0.01,8,0.2,0.3333333333333333,0.0,1/3,0/5,0.7224088907241821,0.7223960009600096,1.288976417257448e-05,2.0,0.002429330156501895,0.0024270151004177508,0.002427013995232157,0,1000,0.1901388168334961,False,2.4293301565018953e-06,5.890402297655785e-08,2.488234179478453e-06,6.779133470606374e-05,0.00390625
0.001,0.01,8,0.1,0.3333333333333333,0.0,1/3,0/5,0.4224089980125427,0.42239615664634755,1.2841366195170956e-05,2.0,0.002418632865097497,0.0024164984380180506,0.0024164974945437615,0,1000,0.1879878044128418,False,2.418632865097497e-06,5.8394647009436785e-08,2.4770275121069337e-06,6.830957058772765e-05,0.00390625
0.001,0.01,12,0.05,0.3333333333333333,0.0,1/3,0/5,0.27240896224975586,0.2723961208835607,1.2841366195170956e-05,2.0,0.002418632865097497,0.0024164984380180506,0.0024164974945437615,0,1000,0.2802879810333252,False,2.418632865097497e-06,5.8394647009436785e-08,2.4770275121069337e-06,4.581490133051465e-05,0.0026041666666666665
0.001,0.1,8,0.2,0.3333333333333333,0.0,1/3,0/5,0.7224088907241821,0.7223965079623632,1.238276181891873e-05,3.0,0.0024612974847947064,0.002436275216565331,0.0024361942795926733,0,1000,0.19119691848754883,False,2.4612974847947065e-06,5.935436930850451e-07,3.0548411778797514e-06,6.476444242340194e-05,0.005859375
0.001,0.1,8,0.1,0.3333333333333333,0.0,1/3,0/5,0.4224089980125427,0.4223966336973748,1.2364315167934237e-05,2.0,0.002425618872398767,0.0024250037354092055,0.0024250036573702457,0,1000,0.1950819492340088,False,2.425618872398767e-06,5.880643116748601e-07,3.013683184073627e-06,6.338010880290484e-05,0.00390625
0.001,0.1,12,0.05,0.3333333333333333,0.0,1/3,0/5,0.27240896224975586,0.2723965979345879,1.2364315167934237e-05,2.0,0.002425618872398767,0.0024250037354092055,0.0024250036573702457,0,1000,0.2110610008239746,False,2.425618872398767e-06,5.880643116748601e-07,3.013683184073627e-06,5.8581713910501665e-05,0.0026041666666666665
0.0,0.1,8,0.2,0.3333333333333333,0.0,1/3,0/5,0.7224088907241821,0.7223975482472192,1.1342476962883374e-05,4.0,0.0035869537313040346,0.0025259782996178396,0.0017894168811025254,0,1000,0.19143080711364746,False,0.0,6.380566370140233e-07,6.380566370140233e-07,5.9251053338293884e-05,0.0078125
0.0,0.1,8,0.1,0.3333333333333333,0.0,1/3,0/5,0.4224089980125427,0.4223977435798269,1.1254432715823715e-05,3.0,0.0035735930413485872,0.0025232794471830603,0.001785641002089699,0,1000,0.19678997993469238,False,0.0,6.366939168576451e-07,6.366939168576451e-07,5.719006993932649e-05,0.005859375
0.0,0.1,12,0.05,0.3333333333333333,0.0,1/3,0/5,0.27240896224975586,0.27239770781704004,1.1254432715823715e-05,3.0,0.0035735930413485872,0.0025232794471830603,0.001785641002089699,0,1000,0.2116079330444336,False,0.0,6.366939168576451e-07,6.366939168576451e-07,5.318530621184462e-05,0.00390625
0.0,1.0,8,0.1,0.3333333333333333,0.0,1/3,0/5,0.4224089980125427,0.4223991765838003,9.821428742451399e-06,4.0,0.0024340389082616325,0.0023761263806376673,0.002375767768613767,0,1000,0.1879558563232422,False,0.0,5.645976576762261e-06,5.645976576762261e-06,5.225391182044751e-05,0.0078125
0.0,1.0,12,0.05,0.3333333333333333,0.0,1/3,0/5,0.27240896224975586,0.2723991408210134,9.821428742451399e-06,4.0,0.0024340389082616325,0.0023761263806376673,0.002375767768613767,0,1000,0.21501779556274414,False,0.0,5.645976576762261e-06,5.645976576762261e-06,4.567728320694004e-05,0.005208333333333333
0.0,1.0,8,0.2,0.3333333333333333,0.0,1/3,0/5,0.7224088907241821,0.722399283496255,9.60722792708868e-06,3.0,0.0024290089492634,0.0024146169612971357,0.00241457384713973,0,1000,0.19071006774902344,False,0.0,5.830375069783813e-06,5.830375069783813e-06,5.0376092046340724e-05,0.005859375
0.001,1.0,8,0.1,0.3333333333333333,0.0,1/3,0/5,0.4224089980125427,0.42240160428632684,7.393726215887408e-06,3.0,0.0024197114759007903,0.0023462642680342405,0.0023452221787680825,0,1000,0.1885356903076172,False,2.4197114759007904e-06,5.50495601545425e-06,7.924667491355041e-06,3.921658654562281e-05,0.005859375
0.001,1.0,12,0.05,0.3333333333333333,0.0,1/3,0/5,0.27240896224975586,0.2724015685235402,7.393726215665364e-06,3.0,0.002419711476147856,0.002346264268035007,0.002345222178768352,0,1000,0.21171212196350098,False,2.419711476147856e-06,5.5049560154578484e-06,7.924667491605704e-06,3.492349019552143e-05,0.00390625
0.001,1.0,8,0.2,0.3333333333333333,0.0,1/3,0/5,0.7224088907241821,0.7224016760886969,7.21463548525314e-06,2.0,0.0024183952552903564,0.0023843999175400506,0.002384154044147413,0,1000,0.19016027450561523,False,2.4183952552903564e-06,5.685362966765e-06,8.103758222055356e-06,3.793976162481875e-05,0.00390625
0.0,0.0,8,0.05,0.0,0.0,0/3,0/5,0.44037890434265137,0.43621185421943665,0.004167050123214722,5.0,1.6004496301215274,1.4240862344995386,1.4156603198563544,0,1000,1.7459840774536133,False,0.0,0.0,0.0,0.0023866484105010003,0.009765625
0.0,0.01,8,0.1,0.0,0.0,0/3,0/5,0.4224089980125427,0.42240333531526153,5.6626972811946175e-06,4.0,0.005485483833932554,0.004880190073649984,0.00483697460402085,0,1000,0.2163691520690918,False,0.0,2.381625515495184e-07,2.381625515495184e-07,2.6171463108504413e-05,0.0078125
0.0,0.01,12,0.05,0.0,0.0,0/3,0/5,0.27240896224975586,0.27240329955247466,5.6626972811946175e-06,4.0,0.005485483833932554,0.004880190073649984,0.00483697460402085,0,1000,0.21586203575134277,False,0.0,2.381625515495184e-07,2.381625515495184e-07,2.6232946712860753e-05,0.005208333333333333
0.0,0.001,8,0.2,0.0,0.0,0/3,0/5,0.7224088907241821,0.7224057101455091,3.180578672989931e-06,2.0,0.006322692305535856,0.006170262949495163,0.006168331842014851,0,1000,0.20554399490356445,False,0.0,3.8072144865912754e-08,3.8072144865912754e-08,1.547395570706004e-05,0.00390625
0.0,0.001,8,0.1,0.0,0.0,0/3,0/5,0.4224089980125427,0.4224058175593832,3.1804531595014396e-06,4.0,0.006336818025333455,0.006180425419138098,0.006178533735918107,0,1000,0.1904439926147461,False,0.0,3.819765836152834e-08,3.819765836152834e-08,1.6700202069042196e-05,0.0078125
0.0,0.001,12,0.05,0.0,0.0,0/3,0/5,0.27240896224975586,0.27240578179659636,3.1804531595014396e-06,4.0,0.006336818025333455,0.006180425419138098,0.006178533735918107,0,1000,0.21626996994018555,False,0.0,3.819765836152834e-08,3.819765836152834e-08,1.4705939804685168e-05,0.005208333333333333
0.0,0.0,8,0.1,0.0,0.0,0/3,0/5,0.4224089980125427,0.42240655422210693,2.4437904357910156e-06,2.0,0.006574214896668566,0.006557401050306656,0.006557379438610733,0,1000,0.20204591751098633,False,0.0,0.0,0.0,1.2095223035912783e-05,0.00390625
0.0,0.0,12,0.05,0.0,0.0,0/3,0/5,0.27240896224975586,0.27240651845932007,2.4437904357910156e-06,2.0,0.006574214896668566,0.006557401050306656,0.006557379438610733,0,1000,0.31870079040527344,False,0.0,0.0,0.0,7.667977329718536e-06,0.0026041666666666665
0.0,0.0,8,0.2,0.0,0.0,0/3,0/5,0.7224088907241821,0.7224065065383911,2.384185791015625e-06,2.0,0.006559359009973929,0.006557379737411705,0.006557379438610733,0,1000,0.1916501522064209,False,0.0,0.0,0.0,1.2440302100296203e-05,0.00390625
0.0,0.01,8,0.2,0.0,0.0,0/3,0/5,0.7224088907241821,0.7224066876637817,2.203060400440826e-06,2.0,0.006516944992123824,0.006477221392424757,0.006477098829709623,0,1000,0.19482707977294922,False,0.0,4.1954396966484903e-07,4.1954396966484903e-07,1.13077730416545e-05,0.00390625
0.01,0.1,8,0.1,0.0,0.0,0/3,0/5,0.4224089980125427,0.42240892121528634,7.679725638753965e-08,1.0,4.24102345629044e-06,4.24102345629044e-06,4.24102345629044e-06,0,1000,0.19597601890563965,False,4.24102345629044e-08,1.7986279956805711e-12,4.241203319090008e-08,3.9187068303758483e-07,0.001953125
0.01,0.1,12,0.05,0.0,0.0,0/3,0/5,0.27240896224975586,0.27240888545249947,7.679725638753965e-08,1.0,4.24102345629044e-06,4.24102345629044e-06,4.24102345629044e-06,0,1000,0.21537089347839355,False,4.24102345629044e-08,1.7986279956805711e-12,4.241203319090008e-08,3.5658140776225226e-07,0.0013020833333333333
0.01,0.1,8,0.2,0.0,0.0,0/3,0/5,0.7224088907241821,0.7224088139669521,7.67572300164332e-08,1.0,4.245025758213525e-06,4.245025758213525e-06,4.245025758213525e-06,0,1000,0.19305706024169922,False,4.245025758213525e-08,1.802024368789631e-12,4.245205960650404e-08,3.975883084531403e-07,0.001953125
0.01,0.01,8,0.1,0.0,0.0,0/3,0/5,0.4224089980125427,0.4224089213214551,7.669108764707389e-08,1.0,4.2518021106494286e-06,4.2518021106494286e-06,4.2518021106494286e-06,0,1000,0.19101190567016602,False,4.2518021106494283e-08,1.8077821188122936e-13,4.2518201884706165e-08,4.0149899231675066e-07,0.001953125
0.01,0.01,12,0.05,0.0,0.0,0/3,0/5,0.27240896224975586,0.2724088855586682,7.669108764707389e-08,1.0,4.2518021106494286e-06,4.2518021106494286e-06,4.2518021106494286e-06,0,1000,0.21232008934020996,False,4.2518021106494283e-08,1.8077821188122936e-13,4.2518201884706165e-08,3.612050460481313e-07,0.0013020833333333333
0.01,0.0,8,0.2,0.0,0.0,0/3,0/5,0.7224088907241821,0.7224088313813103,5.9342871838730105e-08,1.0,2.6177298045306316e-08,2.6177298045306316e-08,2.6177298045306316e-08,0,1000,0.18828701972961426,False,2.6177298045306316e-10,0.0,2.6177298045306316e-10,3.1517239969036754e-07,0.001953125
0.01,0.01,8,0.2,0.0,0.0,0/3,0/5,0.7224088907241821,0.7224088313817197,5.934246238847862e-08,1.0,2.6218240706558913e-08,2.6218240706558913e-08,2.6218240706558913e-08,0,1000,0.18817806243896484,False,2.6218240706558913e-10,6.873961457470628e-18,2.621824139395506e-10,3.153527123159015e-07,0.001953125
0.01,1.0,8,0.2,0.0,0.0,0/3,0/5,0.7224088907241821,0.7224088313818209,5.934236124716108e-08,1.0,2.6228289631914638e-08,2.6228289631914638e-08,2.6228289631914638e-08,0,1000,0.1901249885559082,False,2.622828963191464e-10,6.879231770156009e-16,2.6228358424232344e-10,3.1212289188230956e-07,0.001953125
0.01,0.0,8,0.1,0.0,0.0,0/3,0/5,0.4224089980125427,0.4224089386704018,5.934214092340184e-08,1.0,2.6250387220320672e-08,2.6250387220320672e-08,2.6250387220320672e-08,0,1000,0.25751471519470215,False,2.625038722032067e-10,0.0,2.625038722032067e-10,2.3044174729406954e-07,0.001953125
0.01,0.0,12,0.05,0.0,0.0,0/3,0/5,0.27240896224975586,0.27240890290761494,5.934214092340184e-08,1.0,2.6250387220320672e-08,2.6250387220320672e-08,2.6250387220320672e-08,0,1000,0.20992422103881836,False,2.625038722032067e-10,0.0,2.625038722032067e-10,2.826836304536223e-07,0.0013020833333333333
0.01,0.001,8,0.2,0.0,0.0,0/3,0/5,0.7224088907241821,0.7224088313831354,5.9341046743099923e-08,1.0,2.635980641607e-08,2.635980641607e-08,2.635980641607e-08,0,1000,0.1903679370880127,False,2.635980641607e-10,6.948393942926851e-19,2.6359806485553943e-10,3.1171765398531796e-07,0.001953125
0.01,0.001,8,0.1,0.0,0.0,0/3,0/5,0.4224089980125427,0.4224089386715135,5.9341029201576134e-08,1.0,2.6361555118491295e-08,2.6361555118491295e-08,2.6361555118491295e-08,0,1000,0.19174885749816895,False,2.6361555118491296e-10,6.949315882652546e-19,2.6361555187984455e-10,3.094726611455445e-07,0.001953125
0.01,0.001,12,0.05,0.0,0.0,0/3,0/5,0.27240896224975586,0.27240890290872666,5.9341029201576134e-08,1.0,2.6361555118491295e-08,2.6361555118491295e-08,2.6361555118491295e-08,0,1000,0.22429490089416504,False,2.6361555118491296e-10,6.949315882652546e-19,2.6361555187984455e-10,2.6456700069867647e-07,0.0013020833333333333
0.01,1.0,8,0.1,0.0,0.0,0/3,0/5,0.4224089980125427,0.42240893867269164,5.933985108841355e-08,1.0,2.6479298111488707e-08,2.6479298111488707e-08,2.6479298111488707e-08,0,1000,0.19661307334899902,False,2.6479298111488707e-10,7.011532284770894e-16,2.6479368226811557e-10,3.0181030222279297e-07,0.001953125
0.01,1.0,12,0.05,0.0,0.0,0/3,0/5,0.27240896224975586,0.27240890290990477,5.933985108841355e-08,1.0,2.6479298111488707e-08,2.6479298111488707e-08,2.6479298111488707e-08,0,1000,0.23001790046691895,False,2.6479298111488707e-10,7.011532284770894e-16,2.6479368226811557e-10,2.579792745171491e-07,0.0013020833333333333
0.1,0.0,8,0.1,0.0,0.0,0/3,0/5,0.4224089980125427,0.4224089410164332,5.699610949871925e-08,1.0,2.60853530290036e-08,2.60853530290036e-08,2.60853530290036e-08,0,1000,0.18921995162963867,False,2.6085353029003603e-09,0.0,2.6085353029003603e-09,3.012161720148733e-07,0.001953125
0.1,0.0,12,0.05,0.0,0.0,0/3,0/5,0.27240896224975586,0.27240890525364636,5.699610949871925e-08,1.0,2.60853530290036e-08,2.60853530290036e-08,2.60853530290036e-08,0,1000,0.21724510192871094,False,2.6085353029003603e-09,0.0,2.6085353029003603e-09,2.6235854798430644e-07,0.0013020833333333333
0.1,1.0,8,0.1,0.0,0.0,0/3,0/5,0.4224089980125427,0.42240894101837917,5.699416355531284e-08,1.0,2.610480543647288e-08,2.610480543647288e-08,2.610480543647288e-08,0,1000,0.19646286964416504,False,2.610480543647288e-09,6.81460866876104e-16,2.610481225108155e-09,2.901014510199361e-07,0.001953125
0.1,1.0,12,0.05,0.0,0.0,0/3,0/5,0.27240896224975586,0.2724089052555923,5.699416355531284e-08,1.0,2.610480543647288e-08,2.610480543647288e-08,2.610480543647288e-08,0,1000,0.3512117862701416,False,2.610480543647288e-09,6.81460866876104e-16,2.610481225108155e-09,1.6227861872344635e-07,0.0013020833333333333
0.1,0.001,8,0.2,0.0,0.0,0/3,0/5,0.7224088907241821,0.722408833732773,5.6991409147499894e-08,1.0,2.6132356380867603e-08,2.6132356380867603e-08,2.6132356380867603e-08,0,1000,0.2037489414215088,False,2.6132356380867606e-09,6.829000500166718e-19,2.6132356387696606e-09,2.797138907809e-07,0.001953125
0.1,0.01,8,0.1,0.0,0.0,0/3,0/5,0.4224089980125427,0.42240894102193977,5.699060295905056e-08,1.0,2.614041825967568e-08,2.614041825967568e-08,2.614041825967568e-08,0,1000,0.19013118743896484,False,2.614041825967568e-09,6.833214667907857e-18,2.6140418328007826e-09,2.9974358087541774e-07,0.001953125
0.1,0.01,12,0.05,0.0,0.0,0/3,0/5,0.27240896224975586,0.2724089052591529,5.699060295905056e-08,1.0,2.614041825967568e-08,2.614041825967568e-08,2.614041825967568e-08,0,1000,0.2153778076171875,False,2.614041825967568e-09,6.833214667907857e-18,2.6140418328007826e-09,2.6460759160640013e-07,0.0013020833333333333
0.1,0.01,8,0.2,0.0,0.0,0/3,0/5,0.7224088907241821,0.7224088337346605,5.698952165733573e-08,1.0,2.615123148707126e-08,2.615123148707126e-08,2.615123148707126e-08,0,1000,0.19005584716796875,False,2.615123148707126e-09,6.838869082903873e-18,2.615123155545995e-09,2.9985671320582506e-07,0.001953125
0.1,0.1,8,0.1,0.0,0.0,0/3,0/5,0.4224089980125427,0.42240894102703225,5.698551047705891e-08,1.0,2.619134240878893e-08,2.619134240878893e-08,2.619134240878893e-08,0,1000,0.19346189498901367,False,2.619134240878893e-09,6.859864171744256e-17,2.6191343094775347e-09,2.9455676778259103e-07,0.001953125
0.1,0.1,12,0.05,0.0,0.0,0/3,0/5,0.27240896224975586,0.2724089052642454,5.698551047705891e-08,1.0,2.6191342283708242e-08,2.6191342283708242e-08,2.6191342283708242e-08,0,1000,0.2188279628753662,False,2.6191342283708242e-09,6.859864106223633e-17,2.6191342969694654e-09,2.6041237933341767e-07,0.0013020833333333333
0.1,0.001,8,0.1,0.0,0.0,0/3,0/5,0.4224089980125427,0.4224089410301225,5.6982420226781016e-08,1.0,2.6222245549711687e-08,2.6222245549711687e-08,2.6222245549711687e-08,0,1000,0.20244216918945312,False,2.622224554971169e-09,6.876061616693744e-19,2.622224555658775e-09,2.8147505262826287e-07,0.001953125
0.1,0.001,12,0.05,0.0,0.0,0/3,0/5,0.27240896224975586,0.27240890526733563,5.6982420226781016e-08,1.0,2.6222245549711687e-08,2.6222245549711687e-08,2.6222245549711687e-08,0,1000,0.22186589241027832,False,2.622224554971169e-09,6.876061616693744e-19,2.622224555658775e-09,2.568327182143352e-07,0.0013020833333333333
0.1,1.0,8,0.2,0.0,0.0,0/3,0/5,0.7224088907241821,0.7224088337484068,5.697577531993403e-08,1.0,2.6288687994210547e-08,2.6288687994210547e-08,2.6288687994210547e-08,0,1000,0.18978524208068848,False,2.628868799421055e-09,6.910951164569498e-16,2.6288694905161713e-09,3.0021183257078754e-07,0.001953125
0.1,0.1,8,0.2,0.0,0.0,0/3,0/5,0.7224088907241821,0.7224088337532193,5.697096283618919e-08,1.0,2.6336817966502363e-08,2.6336817966502363e-08,2.6336817966502363e-08,0,1000,0.19538569450378418,False,2.6336817966502363e-09,6.936279806006816e-17,2.6336818660130343e-09,2.9158205763670066e-07,0.001953125
0.1,0.0,8,0.2,0.0,0.0,0/3,0/5,0.7224088907241821,0.7224088337536004,5.6970581696624834e-08,1.0,2.634063036354342e-08,2.634063036354342e-08,2.634063036354342e-08,0,1000,0.19280314445495605,False,2.6340630363543423e-09,0.0,2.6340630363543423e-09,2.9548574976656915e-07,0.001953125
1.0,1.0,8,0.1,0.0,0.0,0/3,0/5,0.4224089980125427,0.4224089570479349,4.0964607816995624e-08,1.0,1.8640036621024882e-08,1.8640036621024882e-08,1.8640036621024882e-08,0,1000,0.18802309036254883,False,1.8640036621024882e-08,3.474509652331487e-16,1.8640036968475848e-08,2.1787009105108886e-07,0.001953125
1.0,1.0,12,0.05,0.0,0.0,0/3,0/5,0.27240896224975586,0.27240892128514804,4.0964607816995624e-08,1.0,1.8640036621024882e-08,1.8640036621024882e-08,1.8640036621024882e-08,0,1000,0.21856307983398438,False,1.8640036621024882e-08,3.474509652331487e-16,1.8640036968475848e-08,1.8742693344233355e-07,0.0013020833333333333
1.0,0.001,8,0.2,0.0,0.0,0/3,0/5,0.7224088907241821,0.7224088497688647,4.095531747072556e-08,1.0,1.864932732434211e-08,1.864932732434211e-08,1.864932732434211e-08,0,1000,0.20222210884094238,False,1.864932732434211e-08,3.4779740965045326e-19,1.8649327324689906e-08,2.0252640873673673e-07,0.001953125
1.0,1.0,8,0.2,0.0,0.0,0/3,0/5,0.7224088907241821,0.7224088497705018,4.095368033585345e-08,1.0,1.8650964148176792e-08,1.8650964148176792e-08,1.8650964148176792e-08,0,1000,0.19283723831176758,False,1.8650964148176792e-08,3.47858463656576e-16,1.8650964496035257e-08,2.1237433544677723e-07,0.001953125
1.0,0.001,12,0.05,0.0,0.0,0/3,0/5,0.27240896224975586,0.2724089213004701,4.0949285740055075e-08,1.0,1.8655359043915518e-08,1.8655359043915518e-08,1.8655359043915518e-08,0,1000,0.23289084434509277,False,1.8655359043915518e-08,3.480224210574005e-19,1.865535904426354e-08,1.758303803449537e-07,0.0013020833333333333
1.0,0.001,8,0.1,0.0,0.0,0/3,0/5,0.4224089980125427,0.42240895706325704,4.0949285684543923e-08,1.0,1.8655359075798708e-08,1.8655359075798708e-08,1.8655359075798708e-08,0,1000,0.20189404487609863,False,1.8655359075798708e-08,3.4802242224698524e-19,1.865535907614673e-08,2.0282562425094953e-07,0.001953125
1.0,0.01,8,0.1,0.0,0.0,0/3,0/5,0.4224089980125427,0.42240895718101734,4.0831525383033807e-08,1.0,1.877311940357184e-08,1.877311940357184e-08,1.877311940357184e-08,0,1000,0.20229387283325195,False,1.877311940357184e-08,3.524300121407655e-18,1.8773119407096138e-08,2.018426203975573e-07,0.001953125
1.0,0.01,12,0.05,0.0,0.0,0/3,0/5,0.27240896224975586,0.2724089214182305,4.0831525383033807e-08,1.0,1.8773119403312955e-08,1.8773119403312955e-08,1.8773119403312955e-08,0,1000,0.21798110008239746,False,1.8773119403312955e-08,3.5243001213104536e-18,1.8773119406837254e-08,1.8731681493303492e-07,0.0013020833333333333
1.0,0.01,8,0.2,0.0,0.0,0/3,0/5,0.7224088907241821,0.7224088499092574,4.08149247732581e-08,1.0,1.8789720039488552e-08,1.8789720039488552e-08,1.8789720039488552e-08,0,1000,0.20552611351013184,False,1.8789720039488552e-08,3.530535791623577e-18,1.8789720043019088e-08,1.98587537496767e-07,0.001953125
1.0,0.1,8,0.2,0.0,0.0,0/3,0/5,0.7224088907241821,0.7224088573916958,3.333248632664265e-08,1.0,2.6272158285648808e-08,2.6272158285648808e-08,2.6272158285648808e-08,0,1000,0.19381403923034668,False,2.6272158285648808e-08,6.902263009861854e-17,2.6272158354671438e-08,1.7198179481222832e-07,0.001953125
1.0,0.1,8,0.1,0.0,0.0,0/3,0/5,0.4224089980125427,0.4224089647124491,3.330009362700892e-08,1.0,2.630455108704704e-08,2.630455108704704e-08,2.630455108704704e-08,0,1000,0.20311570167541504,False,2.630455108704704e-08,6.919294078910677e-17,2.630455115623998e-08,1.6394642734328566e-07,0.001953125
1.0,0.1,12,0.05,0.0,0.0,0/3,0/5,0.27240896224975586,0.27240892894966223,3.330009362700892e-08,1.0,2.630455108704704e-08,2.630455108704704e-08,2.630455108704704e-08,0,1000,0.23827910423278809,False,2.630455108704704e-08,6.919294078910677e-17,2.630455115623998e-08,1.3975247109572902e-07,0.0013020833333333333
1.0,0.0,8,0.2,0.0,0.0,0/3,0/5,0.7224088907241821,0.7224088574416174,3.328256470425117e-08,1.0,2.6322080045356902e-08,2.6322080045356902e-08,2.6322080045356902e-08,0,1000,0.1905050277709961,False,2.6322080045356902e-08,0.0,2.6322080045356902e-08,1.7470701478944567e-07,0.001953125
1.0,0.0,8,0.1,0.0,0.0,0/3,0/5,0.4224089980125427,0.4224089647394538,3.3273088950735996e-08,1.0,2.6331555831859392e-08,2.6331555831859392e-08,2.6331555831859392e-08,0,1000,0.19939589500427246,False,2.6331555831859392e-08,0.0,2.6331555831859392e-08,1.66869478180697e-07,0.001953125
1.0,0.0,12,0.05,0.0,0.0,0/3,0/5,0.27240896224975586,0.2724089289766669,3.3273088950735996e-08,1.0,2.6331555831859392e-08,2.6331555831859392e-08,2.6331555831859392e-08,0,1000,0.21337890625,False,2.6331555831859392e-08,0.0,2.6331555831859392e-08,1.5593429329772843e-07,0.0013020833333333333
0.1,0.0,8,0.05,0.0,0.0,0/3,0/5,0.2101360559463501,0.2101360559463501,0.0,0.0,0.0,0.0,0.0,0,1000,0.20019197463989258,False,0.0,0.0,0.0,0.0,0.0
0.1,0.0,12,0.1,0.0,0.0,0/3,0/5,0.3447079658508301,0.3447079658508301,0.0,0.0,0.0,0.0,0.0,0,1000,0.21260476112365723,False,0.0,0.0,0.0,0.0,0.0
0.1,0.0,12,0.2,0.0,0.0,0/3,0/5,0.6447078585624695,0.6447078585624695,0.0,0.0,0.0,0.0,0.0,0,1000,0.21136713027954102,False,0.0,0.0,0.0,0.0,0.0
0.1,0.0,16,0.05,0.0,0.0,0/3,0/5,0.1947079300880432,0.1947079300880432,0.0,0.0,0.0,0.0,0.0,0,1000,0.2424001693725586,False,0.0,0.0,0.0,0.0,0.0
0.1,0.0,16,0.1,0.0,0.0,0/3,0/5,0.36013609170913696,0.36013609170913696,0.0,0.0,0.0,0.0,0.0,0,1000,0.31115007400512695,False,0.0,0.0,0.0,0.0,0.0
0.1,0.0,16,0.2,0.0,0.0,0/3,0/5,0.6601359844207764,0.6601359844207764,0.0,0.0,0.0,0.0,0.0,0,1000,0.2575089931488037,False,0.0,0.0,0.0,0.0,0.0
0.1,0.001,8,0.05,0.0,0.0,0/3,0/5,0.2101360559463501,0.2101360559463501,0.0,0.0,0.0,0.0,0.0,0,1000,0.19344496726989746,False,0.0,0.0,0.0,0.0,0.0
0.1,0.001,12,0.1,0.0,0.0,0/3,0/5,0.3447079658508301,0.3447079658508301,0.0,0.0,0.0,0.0,0.0,0,1000,0.21306896209716797,False,0.0,0.0,0.0,0.0,0.0
0.1,0.001,12,0.2,0.0,0.0,0/3,0/5,0.6447078585624695,0.6447078585624695,0.0,0.0,0.0,0.0,0.0,0,1000,0.34126996994018555,False,0.0,0.0,0.0,0.0,0.0
0.1,0.001,16,0.05,0.0,0.0,0/3,0/5,0.1947079300880432,0.1947079300880432,0.0,0.0,0.0,0.0,0.0,0,1000,0.24487972259521484,False,0.0,0.0,0.0,0.0,0.0
0.1,0.001,16,0.1,0.0,0.0,0/3,0/5,0.36013609170913696,0.36013609170913696,0.0,0.0,0.0,0.0,0.0,0,1000,0.24510478973388672,False,0.0,0.0,0.0,0.0,0.0
0.1,0.001,16,0.2,0.0,0.0,0/3,0/5,0.6601359844207764,0.6601359844207764,0.0,0.0,0.0,0.0,0.0,0,1000,0.2644660472869873,False,0.0,0.0,0.0,0.0,0.0
0.1,0.01,8,0.05,0.0,0.0,0/3,0/5,0.2101360559463501,0.2101360559463501,0.0,0.0,0.0,0.0,0.0,0,1000,0.21616291999816895,False,0.0,0.0,0.0,0.0,0.0
0.1,0.01,12,0.1,0.0,0.0,0/3,0/5,0.3447079658508301,0.3447079658508301,0.0,0.0,0.0,0.0,0.0,0,1000,0.21035122871398926,False,0.0,0.0,0.0,0.0,0.0
0.1,0.01,12,0.2,0.0,0.0,0/3,0/5,0.6447078585624695,0.6447078585624695,0.0,0.0,0.0,0.0,0.0,0,1000,0.21715307235717773,False,0.0,0.0,0.0,0.0,0.0
0.1,0.01,16,0.05,0.0,0.0,0/3,0/5,0.1947079300880432,0.1947079300880432,0.0,0.0,0.0,0.0,0.0,0,1000,0.2490389347076416,False,0.0,0.0,0.0,0.0,0.0
0.1,0.01,16,0.1,0.0,0.0,0/3,0/5,0.36013609170913696,0.36013609170913696,0.0,0.0,0.0,0.0,0.0,0,1000,0.23829293251037598,False,0.0,0.0,0.0,0.0,0.0
0.1,0.01,16,0.2,0.0,0.0,0/3,0/5,0.6601359844207764,0.6601359844207764,0.0,0.0,0.0,0.0,0.0,0,1000,0.23965907096862793,False,0.0,0.0,0.0,0.0,0.0
0.1,0.1,8,0.05,0.0,0.0,0/3,0/5,0.2101360559463501,0.2101360559463501,0.0,0.0,0.0,0.0,0.0,0,1000,0.22745680809020996,False,0.0,0.0,0.0,0.0,0.0
0.1,0.1,12,0.1,0.0,0.0,0/3,0/5,0.3447079658508301,0.3447079658508301,0.0,0.0,0.0,0.0,0.0,0,1000,0.22037005424499512,False,0.0,0.0,0.0,0.0,0.0
0.1,0.1,12,0.2,0.0,0.0,0/3,0/5,0.6447078585624695,0.6447078585624695,0.0,0.0,0.0,0.0,0.0,0,1000,0.3041422367095947,False,0.0,0.0,0.0,0.0,0.0
0.1,0.1,16,0.05,0.0,0.0,0/3,0/5,0.1947079300880432,0.1947079300880432,0.0,0.0,0.0,0.0,0.0,0,1000,0.23618292808532715,False,0.0,0.0,0.0,0.0,0.0
0.1,0.1,16,0.1,0.0,0.0,0/3,0/5,0.36013609170913696,0.36013609170913696,0.0,0.0,0.0,0.0,0.0,0,1000,0.24183392524719238,False,0.0,0.0,0.0,0.0,0.0
0.1,0.1,16,0.2,0.0,0.0,0/3,0/5,0.6601359844207764,0.6601359844207764,0.0,0.0,0.0,0.0,0.0,0,1000,0.23566293716430664,False,0.0,0.0,0.0,0.0,0.0
0.1,1.0,8,0.05,0.0,0.0,0/3,0/5,0.2101360559463501,0.2101360559463501,0.0,0.0,0.0,0.0,0.0,0,1000,0.1949472427368164,False,0.0,0.0,0.0,0.0,0.0
0.1,1.0,12,0.1,0.0,0.0,0/3,0/5,0.3447079658508301,0.3447079658508301,0.0,0.0,0.0,0.0,0.0,0,1000,0.22311615943908691,False,0.0,0.0,0.0,0.0,0.0
0.1,1.0,12,0.2,0.0,0.0,0/3,0/5,0.6447078585624695,0.6447078585624695,0.0,0.0,0.0,0.0,0.0,0,1000,0.2113780975341797,False,0.0,0.0,0.0,0.0,0.0
0.1,1.0,16,0.05,0.0,0.0,0/3,0/5,0.1947079300880432,0.1947079300880432,0.0,0.0,0.0,0.0,0.0,0,1000,0.23837590217590332,False,0.0,0.0,0.0,0.0,0.0
0.1,1.0,16,0.1,0.0,0.0,0/3,0/5,0.36013609170913696,0.36013609170913696,0.0,0.0,0.0,0.0,0.0,0,1000,0.24199485778808594,False,0.0,0.0,0.0,0.0,0.0
0.1,1.0,16,0.2,0.0,0.0,0/3,0/5,0.6601359844207764,0.6601359844207764,0.0,0.0,0.0,0.0,0.0,0,1000,0.2395169734954834,False,0.0,0.0,0.0,0.0,0.0
1.0,0.0,8,0.05,0.0,0.0,0/3,0/5,0.2101360559463501,0.2101360559463501,0.0,0.0,0.0,0.0,0.0,0,1000,0.18786883354187012,False,0.0,0.0,0.0,0.0,0.0
1.0,0.0,12,0.1,0.0,0.0,0/3,0/5,0.3447079658508301,0.3447079658508301,0.0,0.0,0.0,0.0,0.0,0,1000,0.21189188957214355,False,0.0,0.0,0.0,0.0,0.0
1.0,0.0,12,0.2,0.0,0.0,0/3,0/5,0.6447078585624695,0.6447078585624695,0.0,0.0,0.0,0.0,0.0,0,1000,0.217041015625,False,0.0,0.0,0.0,0.0,0.0
1.0,0.0,16,0.05,0.0,0.0,0/3,0/5,0.1947079300880432,0.1947079300880432,0.0,0.0,0.0,0.0,0.0,0,1000,1.9988949298858643,False,0.0,0.0,0.0,0.0,0.0
1.0,0.0,16,0.1,0.0,0.0,0/3,0/5,0.36013609170913696,0.36013609170913696,0.0,0.0,0.0,0.0,0.0,0,1000,0.2607400417327881,False,0.0,0.0,0.0,0.0,0.0
1.0,0.0,16,0.2,0.0,0.0,0/3,0/5,0.6601359844207764,0.6601359844207764,0.0,0.0,0.0,0.0,0.0,0,1000,0.27347898483276367,False,0.0,0.0,0.0,0.0,0.0
1.0,0.001,8,0.05,0.0,0.0,0/3,0/5,0.2101360559463501,0.2101360559463501,0.0,0.0,0.0,0.0,0.0,0,1000,0.20415306091308594,False,0.0,0.0,0.0,0.0,0.0
1.0,0.001,12,0.1,0.0,0.0,0/3,0/5,0.3447079658508301,0.3447079658508301,0.0,0.0,0.0,0.0,0.0,0,1000,0.2817840576171875,False,0.0,0.0,0.0,0.0,0.0
1.0,0.001,12,0.2,0.0,0.0,0/3,0/5,0.6447078585624695,0.6447078585624695,0.0,0.0,0.0,0.0,0.0,0,1000,0.22055888175964355,False,0.0,0.0,0.0,0.0,0.0
1.0,0.001,16,0.05,0.0,0.0,0/3,0/5,0.1947079300880432,0.1947079300880432,0.0,0.0,0.0,0.0,0.0,0,1000,0.24287819862365723,False,0.0,0.0,0.0,0.0,0.0
1.0,0.001,16,0.1,0.0,0.0,0/3,0/5,0.36013609170913696,0.36013609170913696,0.0,0.0,0.0,0.0,0.0,0,1000,0.2410731315612793,False,0.0,0.0,0.0,0.0,0.0
1.0,0.001,16,0.2,0.0,0.0,0/3,0/5,0.6601359844207764,0.6601359844207764,0.0,0.0,0.0,0.0,0.0,0,1000,0.24690723419189453,False,0.0,0.0,0.0,0.0,0.0
1.0,0.01,8,0.05,0.0,0.0,0/3,0/5,0.2101360559463501,0.2101360559463501,0.0,0.0,0.0,0.0,0.0,0,1000,0.19423604011535645,False,0.0,0.0,0.0,0.0,0.0
1.0,0.01,12,0.1,0.0,0.0,0/3,0/5,0.3447079658508301,0.3447079658508301,0.0,0.0,0.0,0.0,0.0,0,1000,0.2196941375732422,False,0.0,0.0,0.0,0.0,0.0
1.0,0.01,12,0.2,0.0,0.0,0/3,0/5,0.6447078585624695,0.6447078585624695,0.0,0.0,0.0,0.0,0.0,0,1000,0.2207798957824707,False,0.0,0.0,0.0,0.0,0.0
1.0,0.01,16,0.05,0.0,0.0,0/3,0/5,0.1947079300880432,0.1947079300880432,0.0,0.0,0.0,0.0,0.0,0,1000,0.24146294593811035,False,0.0,0.0,0.0,0.0,0.0
1.0,0.01,16,0.1,0.0,0.0,0/3,0/5,0.36013609170913696,0.36013609170913696,0.0,0.0,0.0,0.0,0.0,0,1000,0.25093889236450195,False,0.0,0.0,0.0,0.0,0.0
1.0,0.01,16,0.2,0.0,0.0,0/3,0/5,0.6601359844207764,0.6601359844207764,0.0,0.0,0.0,0.0,0.0,0,1000,0.2548978328704834,False,0.0,0.0,0.0,0.0,0.0
1.0,0.1,8,0.05,0.0,0.0,0/3,0/5,0.2101360559463501,0.2101360559463501,0.0,0.0,0.0,0.0,0.0,0,1000,0.19618821144104004,False,0.0,0.0,0.0,0.0,0.0
1.0,0.1,12,0.1,0.0,0.0,0/3,0/5,0.3447079658508301,0.3447079658508301,0.0,0.0,0.0,0.0,0.0,0,1000,0.23653388023376465,False,0.0,0.0,0.0,0.0,0.0
1.0,0.1,12,0.2,0.0,0.0,0/3,0/5,0.6447078585624695,0.6447078585624695,0.0,0.0,0.0,0.0,0.0,0,1000,0.20951080322265625,False,0.0,0.0,0.0,0.0,0.0
1.0,0.1,16,0.05,0.0,0.0,0/3,0/5,0.1947079300880432,0.1947079300880432,0.0,0.0,0.0,0.0,0.0,0,1000,0.24225902557373047,False,0.0,0.0,0.0,0.0,0.0
1.0,0.1,16,0.1,0.0,0.0,0/3,0/5,0.36013609170913696,0.36013609170913696,0.0,0.0,0.0,0.0,0.0,0,1000,0.30206894874572754,False,0.0,0.0,0.0,0.0,0.0
1.0,0.1,16,0.2,0.0,0.0,0/3,0/5,0.6601359844207764,0.6601359844207764,0.0,0.0,0.0,0.0,0.0,0,1000,0.3559281826019287,False,0.0,0.0,0.0,0.0,0.0
1.0,1.0,8,0.05,0.0,0.0,0/3,0/5,0.2101360559463501,0.2101360559463501,0.0,0.0,0.0,0.0,0.0,0,1000,0.19377684593200684,False,0.0,0.0,0.0,0.0,0.0
1.0,1.0,12,0.1,0.0,0.0,0/3,0/5,0.3447079658508301,0.3447079658508301,0.0,0.0,0.0,0.0,0.0,0,1000,0.20917916297912598,False,0.0,0.0,0.0,0.0,0.0
1.0,1.0,12,0.2,0.0,0.0,0/3,0/5,0.6447078585624695,0.6447078585624695,0.0,0.0,0.0,0.0,0.0,0,1000,0.21350383758544922,False,0.0,0.0,0.0,0.0,0.0
1.0,1.0,16,0.05,0.0,0.0,0/3,0/5,0.1947079300880432,0.1947079300880432,0.0,0.0,0.0,0.0,0.0,0,1000,0.26096391677856445,False,0.0,0.0,0.0,0.0,0.0
1.0,1.0,16,0.1,0.0,0.0,0/3,0/5,0.36013609170913696,0.36013609170913696,0.0,0.0,0.0,0.0,0.0,0,1000,0.2368772029876709,False,0.0,0.0,0.0,0.0,0.0
1.0,1.0,16,0.2,0.0,0.0,0/3,0/5,0.6601359844207764,0.6601359844207764,0.0,0.0,0.0,0.0,0.0,0,1000,0.24276304244995117,False,0.0,0.0,0.0,0.0,0.0
